idV,idC,name
600,600,name
200,200,name
0,0,name
400,400,name
401,401,name
601,601,name
201,201,name
1,1,name
602,602,name
202,202,name
402,402,name
2,2,name
403,403,name
603,603,name
3,3,name
203,203,name
404,404,name
4,4,name
204,204,name
604,604,name
205,205,name
605,605,name
405,405,name
5,5,name
606,606,name
206,206,name
6,6,name
406,406,name
407,407,name
207,207,name
607,607,name
7,7,name
408,408,name
208,208,name
608,608,name
8,8,name
409,409,name
609,609,name
9,9,name
209,209,name
410,410,name
610,610,name
210,210,name
10,10,name
11,11,name
611,611,name
411,411,name
211,211,name
412,412,name
212,212,name
12,12,name
612,612,name
13,13,name
413,413,name
613,613,name
213,213,name
614,614,name
14,14,name
214,214,name
414,414,name
15,15,name
415,415,name
215,215,name
615,615,name
16,16,name
216,216,name
616,616,name
416,416,name
217,217,name
417,417,name
617,617,name
17,17,name
418,418,name
18,18,name
218,218,name
618,618,name
619,619,name
19,19,name
419,419,name
219,219,name
420,420,name
220,220,name
620,620,name
20,20,name
21,21,name
621,621,name
421,421,name
221,221,name
22,22,name
622,622,name
222,222,name
422,422,name
23,23,name
623,623,name
223,223,name
423,423,name
224,224,name
424,424,name
24,24,name
624,624,name
25,25,name
625,625,name
425,425,name
225,225,name
426,426,name
626,626,name
226,226,name
26,26,name
427,427,name
27,27,name
627,627,name
227,227,name
428,428,name
28,28,name
228,228,name
628,628,name
229,229,name
429,429,name
29,29,name
629,629,name
630,630,name
230,230,name
430,430,name
30,30,name
631,631,name
231,231,name
431,431,name
31,31,name
232,232,name
632,632,name
32,32,name
432,432,name
633,633,name
233,233,name
33,33,name
433,433,name
34,34,name
634,634,name
434,434,name
234,234,name
635,635,name
35,35,name
235,235,name
435,435,name
436,436,name
36,36,name
236,236,name
636,636,name
437,437,name
637,637,name
37,37,name
237,237,name
638,638,name
438,438,name
238,238,name
38,38,name
39,39,name
639,639,name
439,439,name
239,239,name
440,440,name
240,240,name
40,40,name
640,640,name
41,41,name
441,441,name
641,641,name
241,241,name
42,42,name
442,442,name
642,642,name
242,242,name
643,643,name
243,243,name
443,443,name
43,43,name
444,444,name
44,44,name
244,244,name
644,644,name
645,645,name
245,245,name
445,445,name
45,45,name
46,46,name
246,246,name
646,646,name
446,446,name
47,47,name
647,647,name
247,247,name
447,447,name
648,648,name
48,48,name
448,448,name
248,248,name
649,649,name
449,449,name
249,249,name
49,49,name
650,650,name
50,50,name
250,250,name
450,450,name
451,451,name
51,51,name
251,251,name
651,651,name
52,52,name
252,252,name
652,652,name
452,452,name
253,253,name
53,53,name
653,653,name
453,453,name
454,454,name
254,254,name
54,54,name
654,654,name
455,455,name
55,55,name
255,255,name
655,655,name
56,56,name
456,456,name
256,256,name
656,656,name
657,657,name
57,57,name
257,257,name
457,457,name
458,458,name
258,258,name
58,58,name
658,658,name
59,59,name
459,459,name
259,259,name
659,659,name
460,460,name
260,260,name
60,60,name
660,660,name
61,61,name
661,661,name
261,261,name
461,461,name
262,262,name
62,62,name
662,662,name
462,462,name
663,663,name
263,263,name
463,463,name
63,63,name
464,464,name
64,64,name
664,664,name
264,264,name
465,465,name
265,265,name
65,65,name
665,665,name
66,66,name
666,666,name
466,466,name
266,266,name
467,467,name
267,267,name
667,667,name
67,67,name
668,668,name
468,468,name
268,268,name
68,68,name
469,469,name
69,69,name
269,269,name
669,669,name
470,470,name
270,270,name
70,70,name
670,670,name
71,71,name
471,471,name
671,671,name
271,271,name
672,672,name
272,272,name
472,472,name
72,72,name
673,673,name
473,473,name
73,73,name
273,273,name
474,474,name
74,74,name
674,674,name
274,274,name
475,475,name
275,275,name
75,75,name
675,675,name
76,76,name
676,676,name
276,276,name
476,476,name
277,277,name
77,77,name
477,477,name
677,677,name
678,678,name
278,278,name
478,478,name
78,78,name
79,79,name
479,479,name
279,279,name
679,679,name
280,280,name
80,80,name
480,480,name
680,680,name
81,81,name
681,681,name
281,281,name
481,481,name
482,482,name
82,82,name
682,682,name
282,282,name
283,283,name
683,683,name
83,83,name
483,483,name
84,84,name
284,284,name
484,484,name
684,684,name
485,485,name
685,685,name
285,285,name
85,85,name
486,486,name
286,286,name
686,686,name
86,86,name
687,687,name
487,487,name
87,87,name
287,287,name
288,288,name
488,488,name
688,688,name
88,88,name
289,289,name
489,489,name
89,89,name
689,689,name
490,490,name
90,90,name
290,290,name
690,690,name
491,491,name
691,691,name
291,291,name
91,91,name
692,692,name
292,292,name
92,92,name
492,492,name
293,293,name
93,93,name
493,493,name
693,693,name
694,694,name
294,294,name
494,494,name
94,94,name
95,95,name
295,295,name
495,495,name
695,695,name
296,296,name
96,96,name
696,696,name
496,496,name
297,297,name
97,97,name
697,697,name
497,497,name
698,698,name
298,298,name
98,98,name
498,498,name
699,699,name
499,499,name
99,99,name
299,299,name
100,100,name
300,300,name
700,700,name
500,500,name
101,101,name
301,301,name
501,501,name
701,701,name
502,502,name
702,702,name
302,302,name
102,102,name
503,503,name
303,303,name
703,703,name
103,103,name
704,704,name
504,504,name
104,104,name
304,304,name
105,105,name
505,505,name
305,305,name
705,705,name
106,106,name
306,306,name
506,506,name
706,706,name
707,707,name
307,307,name
107,107,name
507,507,name
708,708,name
508,508,name
108,108,name
308,308,name
509,509,name
709,709,name
309,309,name
109,109,name
310,310,name
510,510,name
110,110,name
710,710,name
511,511,name
711,711,name
311,311,name
111,111,name
312,312,name
512,512,name
112,112,name
712,712,name
713,713,name
513,513,name
113,113,name
313,313,name
314,314,name
514,514,name
114,114,name
714,714,name
115,115,name
715,715,name
515,515,name
315,315,name
116,116,name
316,316,name
716,716,name
516,516,name
717,717,name
117,117,name
317,317,name
517,517,name
518,518,name
118,118,name
318,318,name
718,718,name
519,519,name
119,119,name
719,719,name
319,319,name
120,120,name
320,320,name
720,720,name
520,520,name
321,321,name
721,721,name
121,121,name
521,521,name
122,122,name
322,322,name
722,722,name
522,522,name
723,723,name
323,323,name
523,523,name
123,123,name
524,524,name
324,324,name
724,724,name
124,124,name
325,325,name
125,125,name
725,725,name
525,525,name
726,726,name
526,526,name
326,326,name
126,126,name
327,327,name
127,127,name
727,727,name
527,527,name
128,128,name
528,528,name
728,728,name
328,328,name
529,529,name
329,329,name
729,729,name
129,129,name
130,130,name
530,530,name
730,730,name
330,330,name
331,331,name
131,131,name
531,531,name
731,731,name
332,332,name
732,732,name
532,532,name
132,132,name
533,533,name
333,333,name
133,133,name
733,733,name
134,134,name
534,534,name
734,734,name
334,334,name
335,335,name
535,535,name
135,135,name
735,735,name
336,336,name
136,136,name
736,736,name
536,536,name
137,137,name
337,337,name
737,737,name
537,537,name
338,338,name
138,138,name
538,538,name
738,738,name
539,539,name
139,139,name
739,739,name
339,339,name
540,540,name
340,340,name
740,740,name
140,140,name
541,541,name
741,741,name
141,141,name
341,341,name
742,742,name
142,142,name
542,542,name
342,342,name
343,343,name
743,743,name
543,543,name
143,143,name
744,744,name
544,544,name
344,344,name
144,144,name
345,345,name
545,545,name
745,745,name
145,145,name
346,346,name
146,146,name
746,746,name
546,546,name
747,747,name
347,347,name
547,547,name
147,147,name
548,548,name
748,748,name
148,148,name
348,348,name
349,349,name
549,549,name
149,149,name
749,749,name
150,150,name
750,750,name
350,350,name
550,550,name
151,151,name
351,351,name
551,551,name
751,751,name
752,752,name
352,352,name
152,152,name
552,552,name
553,553,name
153,153,name
753,753,name
353,353,name
554,554,name
354,354,name
754,754,name
154,154,name
355,355,name
755,755,name
155,155,name
555,555,name
556,556,name
756,756,name
156,156,name
356,356,name
757,757,name
557,557,name
157,157,name
357,357,name
158,158,name
758,758,name
358,358,name
558,558,name
159,159,name
359,359,name
559,559,name
759,759,name
160,160,name
560,560,name
360,360,name
760,760,name
161,161,name
761,761,name
561,561,name
361,361,name
562,562,name
762,762,name
362,362,name
162,162,name
563,563,name
763,763,name
163,163,name
363,363,name
564,564,name
164,164,name
364,364,name
764,764,name
765,765,name
565,565,name
165,165,name
365,365,name
566,566,name
366,366,name
766,766,name
166,166,name
367,367,name
767,767,name
567,567,name
167,167,name
568,568,name
368,368,name
768,768,name
168,168,name
769,769,name
169,169,name
369,369,name
569,569,name
570,570,name
370,370,name
170,170,name
770,770,name
171,171,name
371,371,name
571,571,name
771,771,name
772,772,name
572,572,name
172,172,name
372,372,name
373,373,name
173,173,name
573,573,name
773,773,name
574,574,name
374,374,name
774,774,name
174,174,name
775,775,name
375,375,name
175,175,name
575,575,name
376,376,name
576,576,name
776,776,name
176,176,name
577,577,name
777,777,name
377,377,name
177,177,name
578,578,name
378,378,name
178,178,name
778,778,name
779,779,name
379,379,name
179,179,name
579,579,name
180,180,name
380,380,name
780,780,name
580,580,name
381,381,name
781,781,name
181,181,name
581,581,name
782,782,name
582,582,name
182,182,name
382,382,name
583,583,name
783,783,name
383,383,name
183,183,name
784,784,name
184,184,name
584,584,name
384,384,name
585,585,name
185,185,name
385,385,name
785,785,name
386,386,name
586,586,name
186,186,name
786,786,name
187,187,name
587,587,name
387,387,name
787,787,name
388,388,name
188,188,name
788,788,name
588,588,name
189,189,name
589,589,name
389,389,name
789,789,name
790,790,name
390,390,name
190,190,name
590,590,name
591,591,name
191,191,name
791,791,name
391,391,name
592,592,name
792,792,name
392,392,name
192,192,name
593,593,name
193,193,name
793,793,name
393,393,name
394,394,name
194,194,name
594,594,name
794,794,name
395,395,name
795,795,name
195,195,name
595,595,name
396,396,name
596,596,name
196,196,name
397,397,name
597,597,name
197,197,name
398,398,name
598,598,name
198,198,name
399,399,name
599,599,name
199,199,name
